{"cameraMode":{"drawMode":0,"name":"Shaded","section":"Shading Mode"},"sceneLighting":true,"audioPlay":false,"sceneViewState":{"m_AlwaysRefresh":false,"showFog":true,"showSkybox":true,"showFlares":true,"showImageEffects":true,"showParticleSystems":true,"showVisualEffectGraphs":true,"m_FxEnabled":true},"in2DMode":false,"pivot":{"x":20.050992965698243,"y":5.723359107971191,"z":-15.81602668762207},"rotation":{"x":0.05987749993801117,"y":-0.2444901019334793,"z":0.015081069432199002,"w":0.9675654768943787},"size":0.8896951675415039,"orthographic":false}